{
  "alias" : "Cubo",
  "vertices" : [-3.108275,0.0,-0.06,-3.108275,0.0,0.06,-3.228275,0.0,0.06,-3.228275,0.0,-0.06,-3.108275,0.12,-0.06,-3.108275,0.12,0.06,-3.228275,0.12,0.06,-3.228275,0.12,-0.06],
  "indices" : [1,3,0,7,5,4,4,1,0,5,2,1,2,7,3,0,7,4,1,2,3,7,6,5,4,5,1,5,6,2,2,6,7,0,3,7],
  "ambient"  : [0.1,0.1,0.1,1.0],
  "diffuse"  : [1,0.65,0,1.0],
  "specular" : [0.2,0.2,0.2,1.0] 
}