{
  "alias" : "Arco_Cube.007_Material.012",
  "vertices" : [0.112989,-2.633047,0.990269,0.112989,1.550992,0.990269,0.112989,-2.633047,-1.520155,0.112989,1.550992,-1.520155,3.627582,-2.633047,0.990269,3.627582,1.550992,0.990269,3.627582,-2.633047,-1.520155,3.627582,1.550992,-1.520155,1.239805,0.249835,0.990269,1.516003,0.361393,-1.520155,2.019816,0.401095,-1.520154,1.720758,0.401095,0.990269,2.500769,0.249834,-1.520155,2.224571,0.361392,0.990269,1.066384,0.136876,-1.520155,0.95905,0.036455,0.990269,0.798785,-0.153755,-1.520155,0.798785,-0.153755,0.990269,2.781523,0.036455,-1.520155,2.674188,0.136875,0.990269,2.941787,-0.153756,-1.520155,2.941787,-0.153756,0.990269,0.679696,-0.740911,-1.520152,0.679696,-0.740911,0.990271,3.060874,-0.740911,-1.520154,0.679696,-2.633047,0.990271,3.060874,-2.633047,-1.520152,3.060874,-0.740912,0.990271,0.679696,-2.633047,-1.520152,3.060874,-2.633047,0.990271],
  "indices" : [0,28,25,0,2,28],
  "Ni" : 1.45000,
  "Ka" : [1.00000,1.00000,1.00000],
  "d" : 1.00000,
  "Kd" : [0.80000,0.80000,0.80000],
  "illum" : 2,
  "Ks" : [0.50000,0.50000,0.50000],
  "Ns" : 225.00000
}