{
  "alias" : "Arco_Cube.007_Calcario",
  "vertices" : [0.112989,-2.633047,0.990269,0.112989,1.550992,0.990269,0.112989,-2.633047,-1.520155,0.112989,1.550992,-1.520155,3.627582,-2.633047,0.990269,3.627582,1.550992,0.990269,3.627582,-2.633047,-1.520155,3.627582,1.550992,-1.520155,1.239805,0.249835,0.990269,1.516003,0.361393,-1.520155,2.019816,0.401095,-1.520154,1.720758,0.401095,0.990269,2.500769,0.249834,-1.520155,2.224571,0.361392,0.990269,1.066384,0.136876,-1.520155,0.95905,0.036455,0.990269,0.798785,-0.153755,-1.520155,0.798785,-0.153755,0.990269,2.781523,0.036455,-1.520155,2.674188,0.136875,0.990269,2.941787,-0.153756,-1.520155,2.941787,-0.153756,0.990269,0.679696,-0.740911,-1.520152,0.679696,-0.740911,0.990271,3.060874,-0.740911,-1.520154,0.679696,-2.633047,0.990271,3.060874,-2.633047,-1.520152,3.060874,-0.740912,0.990271,0.679696,-2.633047,-1.520152,3.060874,-2.633047,0.990271],
  "indices" : [27,24,26,19,12,18,8,14,9,11,9,10,13,10,12,6,5,4,10,3,7,11,5,1,0,3,2,7,1,5,21,24,27,28,23,25,19,13,12,8,15,14,29,27,26,16,15,17,4,26,6,22,17,23,13,11,10,18,21,19,11,8,9,6,7,5,22,28,2,7,6,24,6,26,24,22,2,3,16,22,3,7,24,20,7,20,18,14,16,3,9,14,3,7,18,12,10,9,3,7,12,10,27,29,4,1,0,23,0,25,23,27,4,5,21,27,5,1,23,17,1,17,15,19,21,5,13,19,5,1,15,8,11,13,5,1,8,11,0,1,3,7,3,1,21,20,24,28,22,23,16,14,15,4,29,26,22,16,17,18,20,21],
  "Ni" : 1.45000,
  "Ka" : [1.00000,1.00000,1.00000],
  "d" : 1.00000,
  "Kd" : [0.80000,0.80000,0.80000],
  "illum" : 2,
  "Ks" : [0.50000,0.50000,0.50000],
  "Ns" : 225.00000
}