{
  "alias" : "Piramide",
  "vertices" : [3.22828,0.0,-0.06,3.22828,0.0,0.06,3.10828,0.0,0.06,3.10828,0.0,-0.06,3.16828,0.12,0.0],
  "indices" : [1,3,0,0,4,1,1,4,2,2,4,3,4,0,3,1,2,3],
  "ambient"  : [0.1,0.1,0.1,1.0],
  "diffuse"  : [0,1,1,1.0],
  "specular" : [0.2,0.2,0.2,1.0] 
}